{
 "parent": "item/handheld",
 "textures": {
  "layer0": "item/carrot_on_a_stick"
 },

 "overrides": [
 	{ "predicate": {"custom_model_data": 800005}, "model": "item/dreamcatcher"},
  { "predicate": {"custom_model_data": 800026}, "model": "item/animalspiritstaff"},
  { "predicate": {"custom_model_data": 800027}, "model": "item/humanspiritstaff"},
  { "predicate": {"custom_model_data": 800028}, "model": "item/monsterspiritstaff"},
  { "predicate": {"custom_model_data": 800029}, "model": "item/netherspiritstaff"},
  { "predicate": {"custom_model_data": 800030}, "model": "item/endspiritstaff"},
  { "predicate": {"custom_model_data": 800033}, "model": "item/shamanichood"},
  { "predicate": {"custom_model_data": 800034}, "model": "item/shamanichood"}
  
  
 ]

 
}