{
	"credit": "Made with Blockbench",
	"textures": {
		"3": "bottle2",
		"4": "glass",
		"5": "spiritstring",
		"6": "spiritstringdark",
		"7": "wood",
		"8": "woodspiral",
		"9": "woodspiral2",
		"10": "humanspiritcore",
		"particle": "humanspiritcore"
	},
	"elements": [
		{
			"from": [7.05, 8, 8.35],
			"to": [7.65, 9, 8.95],
			"rotation": {"angle": 0, "axis": "y", "origin": [15, 16, 16.1]},
			"faces": {
				"north": {"uv": [0, 0, 16, 16], "texture": "#7"},
				"east": {"uv": [0, 0, 16, 16], "texture": "#7"},
				"south": {"uv": [0, 0, 16, 16], "texture": "#7"},
				"west": {"uv": [0, 0, 16, 16], "texture": "#7"},
				"up": {"uv": [0, 0, 16, 16], "texture": "#7"},
				"down": {"uv": [0, 0, 16, 16], "texture": "#7"}
			}
		},
		{
			"from": [7.05, 13, 8.35],
			"to": [7.65, 14, 8.95],
			"rotation": {"angle": 0, "axis": "y", "origin": [15, 21, 16.1]},
			"faces": {
				"north": {"uv": [0, 0, 16, 16], "texture": "#7"},
				"east": {"uv": [0, 0, 16, 16], "texture": "#7"},
				"south": {"uv": [0, 0, 16, 16], "texture": "#7"},
				"west": {"uv": [0, 0, 16, 16], "texture": "#7"},
				"up": {"uv": [0, 0, 16, 16], "texture": "#7"},
				"down": {"uv": [0, 0, 16, 16], "texture": "#7"}
			}
		},
		{
			"from": [7.05, 4, 8.35],
			"to": [7.65, 5, 8.95],
			"rotation": {"angle": 0, "axis": "y", "origin": [15, 12, 16.1]},
			"faces": {
				"north": {"uv": [0, 0, 16, 16], "texture": "#7"},
				"east": {"uv": [0, 0, 16, 16], "texture": "#7"},
				"south": {"uv": [0, 0, 16, 16], "texture": "#7"},
				"west": {"uv": [0, 0, 16, 16], "texture": "#7"},
				"up": {"uv": [0, 0, 16, 16], "texture": "#7"},
				"down": {"uv": [0, 0, 16, 16], "texture": "#7"}
			}
		},
		{
			"from": [7.05, 2, 8.35],
			"to": [7.65, 3, 8.95],
			"rotation": {"angle": 0, "axis": "y", "origin": [15, 10, 16.1]},
			"faces": {
				"north": {"uv": [0, 0, 16, 16], "texture": "#7"},
				"east": {"uv": [0, 0, 16, 16], "texture": "#7"},
				"south": {"uv": [0, 0, 16, 16], "texture": "#7"},
				"west": {"uv": [0, 0, 16, 16], "texture": "#7"},
				"up": {"uv": [0, 0, 16, 16], "texture": "#7"},
				"down": {"uv": [0, 0, 16, 16], "texture": "#7"}
			}
		},
		{
			"from": [7.05, 10, 8.35],
			"to": [7.65, 11, 8.95],
			"rotation": {"angle": 0, "axis": "y", "origin": [15, 18, 16.1]},
			"faces": {
				"north": {"uv": [0, 0, 16, 16], "texture": "#7"},
				"east": {"uv": [0, 0, 16, 16], "texture": "#7"},
				"south": {"uv": [0, 0, 16, 16], "texture": "#7"},
				"west": {"uv": [0, 0, 16, 16], "texture": "#7"},
				"up": {"uv": [0, 0, 16, 16], "texture": "#7"},
				"down": {"uv": [0, 0, 16, 16], "texture": "#7"}
			}
		},
		{
			"from": [7.05, 15, 8.35],
			"to": [7.65, 16, 8.95],
			"rotation": {"angle": 0, "axis": "y", "origin": [15, 23, 16.1]},
			"faces": {
				"north": {"uv": [0, 0, 16, 16], "texture": "#7"},
				"east": {"uv": [0, 0, 16, 16], "texture": "#7"},
				"south": {"uv": [0, 0, 16, 16], "texture": "#7"},
				"west": {"uv": [0, 0, 16, 16], "texture": "#7"},
				"up": {"uv": [0, 0, 16, 16], "texture": "#7"},
				"down": {"uv": [0, 0, 16, 16], "texture": "#7"}
			}
		},
		{
			"from": [7.05, 6, 8.35],
			"to": [7.65, 7, 8.95],
			"rotation": {"angle": 0, "axis": "y", "origin": [15, 14, 16.1]},
			"faces": {
				"north": {"uv": [0, 0, 16, 16], "texture": "#7"},
				"east": {"uv": [0, 0, 16, 16], "texture": "#7"},
				"south": {"uv": [0, 0, 16, 16], "texture": "#7"},
				"west": {"uv": [0, 0, 16, 16], "texture": "#7"},
				"up": {"uv": [0, 0, 16, 16], "texture": "#7"},
				"down": {"uv": [0, 0, 16, 16], "texture": "#7"}
			}
		},
		{
			"from": [7.05, 9, 8.35],
			"to": [7.65, 10, 8.95],
			"rotation": {"angle": 0, "axis": "y", "origin": [15, 17, 16.1]},
			"faces": {
				"north": {"uv": [0, 0, 16, 16], "texture": "#7"},
				"east": {"uv": [0, 0, 16, 16], "texture": "#7"},
				"south": {"uv": [0, 0, 16, 16], "texture": "#7"},
				"west": {"uv": [0, 0, 16, 16], "texture": "#7"},
				"up": {"uv": [0, 0, 16, 16], "texture": "#7"},
				"down": {"uv": [0, 0, 16, 16], "texture": "#7"}
			}
		},
		{
			"from": [7.05, 14, 8.35],
			"to": [7.65, 15, 8.95],
			"rotation": {"angle": 0, "axis": "y", "origin": [15, 22, 16.1]},
			"faces": {
				"north": {"uv": [0, 0, 16, 16], "texture": "#7"},
				"east": {"uv": [0, 0, 16, 16], "texture": "#7"},
				"south": {"uv": [0, 0, 16, 16], "texture": "#7"},
				"west": {"uv": [0, 0, 16, 16], "texture": "#7"},
				"up": {"uv": [0, 0, 16, 16], "texture": "#7"},
				"down": {"uv": [0, 0, 16, 16], "texture": "#7"}
			}
		},
		{
			"from": [7.05, 5, 8.35],
			"to": [7.65, 6, 8.95],
			"rotation": {"angle": 0, "axis": "y", "origin": [15, 13, 16.1]},
			"faces": {
				"north": {"uv": [0, 0, 16, 16], "texture": "#7"},
				"east": {"uv": [0, 0, 16, 16], "texture": "#7"},
				"south": {"uv": [0, 0, 16, 16], "texture": "#7"},
				"west": {"uv": [0, 0, 16, 16], "texture": "#7"},
				"up": {"uv": [0, 0, 16, 16], "texture": "#7"},
				"down": {"uv": [0, 0, 16, 16], "texture": "#7"}
			}
		},
		{
			"from": [7.05, 3, 8.35],
			"to": [7.65, 4, 8.95],
			"rotation": {"angle": 0, "axis": "y", "origin": [15, 11, 16.1]},
			"faces": {
				"north": {"uv": [0, 0, 16, 16], "texture": "#7"},
				"east": {"uv": [0, 0, 16, 16], "texture": "#7"},
				"south": {"uv": [0, 0, 16, 16], "texture": "#7"},
				"west": {"uv": [0, 0, 16, 16], "texture": "#7"},
				"up": {"uv": [0, 0, 16, 16], "texture": "#7"},
				"down": {"uv": [0, 0, 16, 16], "texture": "#7"}
			}
		},
		{
			"from": [7.05, 11, 8.35],
			"to": [7.65, 12, 8.95],
			"rotation": {"angle": 0, "axis": "y", "origin": [15, 19, 16.1]},
			"faces": {
				"north": {"uv": [0, 0, 16, 16], "texture": "#7"},
				"east": {"uv": [0, 0, 16, 16], "texture": "#7"},
				"south": {"uv": [0, 0, 16, 16], "texture": "#7"},
				"west": {"uv": [0, 0, 16, 16], "texture": "#7"},
				"up": {"uv": [0, 0, 16, 16], "texture": "#7"},
				"down": {"uv": [0, 0, 16, 16], "texture": "#7"}
			}
		},
		{
			"from": [7.05, 16, 8.35],
			"to": [7.65, 17, 8.95],
			"rotation": {"angle": 0, "axis": "y", "origin": [15, 24, 16.1]},
			"faces": {
				"north": {"uv": [0, 0, 16, 16], "texture": "#7"},
				"east": {"uv": [0, 0, 16, 16], "texture": "#7"},
				"south": {"uv": [0, 0, 16, 16], "texture": "#7"},
				"west": {"uv": [0, 0, 16, 16], "texture": "#7"},
				"up": {"uv": [0, 0, 16, 16], "texture": "#7"},
				"down": {"uv": [0, 0, 16, 16], "texture": "#7"}
			}
		},
		{
			"from": [7.05, 7, 8.35],
			"to": [7.65, 8, 8.95],
			"rotation": {"angle": 0, "axis": "y", "origin": [15, 15, 16.1]},
			"faces": {
				"north": {"uv": [0, 0, 16, 16], "texture": "#7"},
				"east": {"uv": [0, 0, 16, 16], "texture": "#7"},
				"south": {"uv": [0, 0, 16, 16], "texture": "#7"},
				"west": {"uv": [0, 0, 16, 16], "texture": "#7"},
				"up": {"uv": [0, 0, 16, 16], "texture": "#7"},
				"down": {"uv": [0, 0, 16, 16], "texture": "#7"}
			}
		},
		{
			"from": [7.05, 12, 8.35],
			"to": [7.65, 13, 8.95],
			"rotation": {"angle": 0, "axis": "y", "origin": [15, 20, 16.1]},
			"faces": {
				"north": {"uv": [0, 0, 16, 16], "texture": "#7"},
				"east": {"uv": [0, 0, 16, 16], "texture": "#7"},
				"south": {"uv": [0, 0, 16, 16], "texture": "#7"},
				"west": {"uv": [0, 0, 16, 16], "texture": "#7"},
				"up": {"uv": [0, 0, 16, 16], "texture": "#7"},
				"down": {"uv": [0, 0, 16, 16], "texture": "#7"}
			}
		},
		{
			"from": [9.2, 15.25, 8.1],
			"to": [9.5, 15.35, 8.2],
			"rotation": {"angle": -45, "axis": "z", "origin": [9.35, 15.3, 8.15]},
			"faces": {
				"north": {"uv": [0, 0, 0.3, 0.1], "texture": "#5"},
				"east": {"uv": [0, 0, 0.1, 0.1], "texture": "#5"},
				"south": {"uv": [0, 0, 0.3, 0.1], "texture": "#5"},
				"west": {"uv": [0, 0, 0.1, 0.1], "texture": "#5"},
				"up": {"uv": [0, 0, 0.3, 0.1], "texture": "#5"},
				"down": {"uv": [0, 0, 0.3, 0.1], "texture": "#5"}
			}
		},
		{
			"from": [9.2, 15.25, 9],
			"to": [9.5, 15.35, 9.1],
			"rotation": {"angle": -45, "axis": "z", "origin": [9.35, 15.3, 9.05]},
			"faces": {
				"north": {"uv": [0, 0, 0.3, 0.1], "texture": "#5"},
				"east": {"uv": [0, 0, 0.1, 0.1], "texture": "#5"},
				"south": {"uv": [0, 0, 0.3, 0.1], "texture": "#5"},
				"west": {"uv": [0, 0, 0.1, 0.1], "texture": "#5"},
				"up": {"uv": [0, 0, 0.3, 0.1], "texture": "#5"},
				"down": {"uv": [0, 0, 0.3, 0.1], "texture": "#5"}
			}
		},
		{
			"from": [10.10355, 14.19142, 8.2],
			"to": [10.20355, 14.89142, 8.3],
			"rotation": {"angle": -45, "axis": "z", "origin": [10.05355, 14.54142, 8.25]},
			"faces": {
				"north": {"uv": [0, 0, 0.1, 0.7], "texture": "#6"},
				"east": {"uv": [0, 0, 0.1, 0.7], "texture": "#6"},
				"south": {"uv": [0, 0, 0.1, 0.7], "texture": "#6"},
				"west": {"uv": [0, 0, 0.1, 0.7], "texture": "#6"},
				"up": {"uv": [0, 0, 0.1, 0.1], "texture": "#6"},
				"down": {"uv": [0, 0, 0.1, 0.1], "texture": "#6"}
			}
		},
		{
			"from": [10.17426, 14.26213, 8.9],
			"to": [10.27426, 14.96213, 9],
			"rotation": {"angle": -45, "axis": "z", "origin": [10.12426, 14.61213, 8.95]},
			"faces": {
				"north": {"uv": [0, 0, 0.1, 0.7], "texture": "#6"},
				"east": {"uv": [0, 0, 0.1, 0.7], "texture": "#6"},
				"south": {"uv": [0, 0, 0.1, 0.7], "texture": "#6"},
				"west": {"uv": [0, 0, 0.1, 0.7], "texture": "#6"},
				"up": {"uv": [0, 0, 0.1, 0.1], "texture": "#6"},
				"down": {"uv": [0, 0, 0.1, 0.1], "texture": "#6"}
			}
		},
		{
			"from": [10.3864, 14.77426, 8.2],
			"to": [10.4864, 14.87426, 8.9],
			"rotation": {"angle": -45, "axis": "z", "origin": [10.3364, 14.82426, 8.85]},
			"faces": {
				"north": {"uv": [0, 0, 0.1, 0.1], "texture": "#6"},
				"east": {"uv": [0, 0, 0.7, 0.1], "texture": "#6"},
				"south": {"uv": [0, 0, 0.1, 0.1], "texture": "#6"},
				"west": {"uv": [0, 0, 0.7, 0.1], "texture": "#6"},
				"up": {"uv": [0, 0, 0.1, 0.7], "texture": "#6"},
				"down": {"uv": [0, 0, 0.1, 0.7], "texture": "#6"}
			}
		},
		{
			"from": [9.89142, 14.27929, 8.2],
			"to": [9.99142, 14.37929, 8.9],
			"rotation": {"angle": -45, "axis": "z", "origin": [9.84142, 14.32929, 8.85]},
			"faces": {
				"north": {"uv": [0, 0, 0.1, 0.1], "texture": "#6"},
				"east": {"uv": [0, 0, 0.7, 0.1], "texture": "#6"},
				"south": {"uv": [0, 0, 0.1, 0.1], "texture": "#6"},
				"west": {"uv": [0, 0, 0.7, 0.1], "texture": "#6"},
				"up": {"uv": [0, 0, 0.1, 0.7], "texture": "#6"},
				"down": {"uv": [0, 0, 0.1, 0.7], "texture": "#6"}
			}
		},
		{
			"from": [9.41213, 15.03787, 8.1],
			"to": [10.41213, 15.13787, 8.2],
			"rotation": {"angle": -45, "axis": "z", "origin": [9.56213, 15.08787, 8.15]},
			"faces": {
				"north": {"uv": [0, 0, 1, 0.1], "texture": "#5"},
				"east": {"uv": [0, 0, 0.1, 0.1], "texture": "#5"},
				"south": {"uv": [0, 0, 1, 0.1], "texture": "#5"},
				"west": {"uv": [0, 0, 0.1, 0.1], "texture": "#5"},
				"up": {"uv": [0, 0, 1, 0.1], "texture": "#5"},
				"down": {"uv": [0, 0, 1, 0.1], "texture": "#5"}
			}
		},
		{
			"from": [9.41213, 15.03787, 9],
			"to": [10.41213, 15.13787, 9.1],
			"rotation": {"angle": -45, "axis": "z", "origin": [9.56213, 15.08787, 9.05]},
			"faces": {
				"north": {"uv": [0, 0, 1, 0.1], "texture": "#5"},
				"east": {"uv": [0, 0, 0.1, 0.1], "texture": "#5"},
				"south": {"uv": [0, 0, 1, 0.1], "texture": "#5"},
				"west": {"uv": [0, 0, 0.1, 0.1], "texture": "#5"},
				"up": {"uv": [0, 0, 1, 0.1], "texture": "#5"},
				"down": {"uv": [0, 0, 1, 0.1], "texture": "#5"}
			}
		},
		{
			"from": [10.27915, 13.69108, 9.1],
			"to": [11.27915, 14.69108, 9.2],
			"rotation": {"angle": -45, "axis": "z", "origin": [10.4746, 14.19108, 8.6]},
			"faces": {
				"north": {"uv": [0, 0, 1, 1], "rotation": 90, "texture": "#4"},
				"east": {"uv": [0, 0, 1, 0.1], "rotation": 270, "texture": "#4"},
				"south": {"uv": [0, 0, 1, 1], "rotation": 270, "texture": "#4"},
				"west": {"uv": [0, 0, 1, 0.1], "rotation": 270, "texture": "#4"},
				"up": {"uv": [0, 0, 0.1, 1], "rotation": 270, "texture": "#4"},
				"down": {"uv": [0, 0, 0.1, 1], "rotation": 270, "texture": "#4"}
			}
		},
		{
			"from": [10.27915, 13.69108, 8],
			"to": [11.27915, 14.69108, 8.1],
			"rotation": {"angle": -45, "axis": "z", "origin": [10.4746, 14.19108, 8.6]},
			"faces": {
				"north": {"uv": [0, 0, 1, 1], "rotation": 90, "texture": "#4"},
				"east": {"uv": [0, 0, 1, 0.1], "rotation": 270, "texture": "#4"},
				"south": {"uv": [0, 0, 1, 1], "rotation": 270, "texture": "#4"},
				"west": {"uv": [0, 0, 1, 0.1], "rotation": 270, "texture": "#4"},
				"up": {"uv": [0, 0, 0.1, 1], "rotation": 270, "texture": "#4"},
				"down": {"uv": [0, 0, 0.1, 1], "rotation": 270, "texture": "#4"}
			}
		},
		{
			"from": [11.27915, 13.69108, 8.1],
			"to": [11.37915, 14.69108, 9.1],
			"rotation": {"angle": -45, "axis": "z", "origin": [10.4746, 14.19108, 8.6]},
			"faces": {
				"north": {"uv": [0, 0, 1, 0.1], "rotation": 90, "texture": "#4"},
				"east": {"uv": [0, 0, 1, 1], "rotation": 270, "texture": "#4"},
				"south": {"uv": [0, 0, 1, 0.1], "rotation": 270, "texture": "#4"},
				"west": {"uv": [0, 0, 1, 1], "rotation": 270, "texture": "#4"},
				"up": {"uv": [0, 0, 1, 0.1], "rotation": 270, "texture": "#4"},
				"down": {"uv": [0, 0, 1, 0.1], "rotation": 270, "texture": "#4"}
			}
		},
		{
			"from": [10.17915, 13.69108, 8.1],
			"to": [10.27915, 14.69108, 9.1],
			"rotation": {"angle": -45, "axis": "z", "origin": [10.4746, 14.19108, 8.6]},
			"faces": {
				"north": {"uv": [0, 0, 1, 0.1], "rotation": 90, "texture": "#4"},
				"east": {"uv": [0, 0, 1, 1], "rotation": 270, "texture": "#4"},
				"south": {"uv": [0, 0, 1, 0.1], "rotation": 270, "texture": "#4"},
				"west": {"uv": [0, 0, 1, 1], "rotation": 270, "texture": "#4"},
				"up": {"uv": [0, 0, 1, 0.1], "rotation": 270, "texture": "#4"},
				"down": {"uv": [0, 0, 1, 0.1], "rotation": 270, "texture": "#4"}
			}
		},
		{
			"from": [10.07915, 13.79108, 8.2],
			"to": [10.17915, 14.59108, 9],
			"rotation": {"angle": -45, "axis": "z", "origin": [10.4746, 14.19108, 8.6]},
			"faces": {
				"north": {"uv": [0, 0, 0.8, 0.1], "rotation": 90, "texture": "#4"},
				"east": {"uv": [0, 0, 0.8, 0.8], "rotation": 270, "texture": "#4"},
				"south": {"uv": [0, 0, 0.8, 0.1], "rotation": 270, "texture": "#4"},
				"west": {"uv": [0, 0, 0.8, 0.8], "rotation": 270, "texture": "#4"},
				"up": {"uv": [0, 0, 0.8, 0.1], "rotation": 270, "texture": "#4"},
				"down": {"uv": [0, 0, 0.8, 0.1], "rotation": 270, "texture": "#4"}
			}
		},
		{
			"from": [9.97915, 13.89108, 8.3],
			"to": [10.07915, 14.49108, 8.9],
			"rotation": {"angle": -45, "axis": "z", "origin": [10.4746, 14.19108, 8.6]},
			"faces": {
				"north": {"uv": [0, 0, 0.6, 0.1], "rotation": 90, "texture": "#4"},
				"east": {"uv": [0, 0, 0.6, 0.6], "rotation": 270, "texture": "#4"},
				"south": {"uv": [0, 0, 0.6, 0.1], "rotation": 270, "texture": "#4"},
				"west": {"uv": [0, 0, 0.6, 0.6], "rotation": 270, "texture": "#4"},
				"up": {"uv": [0, 0, 0.6, 0.1], "rotation": 270, "texture": "#4"},
				"down": {"uv": [0, 0, 0.6, 0.1], "rotation": 270, "texture": "#4"}
			}
		},
		{
			"from": [9.77915, 13.79108, 8.2],
			"to": [9.97915, 14.59108, 9],
			"rotation": {"angle": -45, "axis": "z", "origin": [10.4746, 14.19108, 8.6]},
			"faces": {
				"north": {"uv": [0, 0, 0.8, 0.2], "rotation": 90, "texture": "#4"},
				"east": {"uv": [0, 0, 0.8, 0.8], "rotation": 270, "texture": "#4"},
				"south": {"uv": [0, 0, 0.8, 0.2], "rotation": 270, "texture": "#4"},
				"west": {"uv": [0, 0, 0.8, 0.8], "rotation": 270, "texture": "#4"},
				"up": {"uv": [0, 0, 0.8, 0.2], "rotation": 270, "texture": "#4"},
				"down": {"uv": [0, 0, 0.8, 0.2], "rotation": 270, "texture": "#4"}
			}
		},
		{
			"from": [9.57915, 13.99108, 8.4],
			"to": [9.87915, 14.39108, 8.8],
			"rotation": {"angle": -45, "axis": "z", "origin": [10.4746, 14.19108, 8.6]},
			"faces": {
				"north": {"uv": [0, 0, 0.4, 0.3], "rotation": 90, "texture": "#3"},
				"east": {"uv": [0, 0, 0.4, 0.4], "rotation": 270, "texture": "#3"},
				"south": {"uv": [0, 0, 0.4, 0.3], "rotation": 270, "texture": "#3"},
				"west": {"uv": [0, 0, 0.4, 0.4], "rotation": 270, "texture": "#3"},
				"up": {"uv": [0, 0, 0.4, 0.3], "rotation": 270, "texture": "#3"},
				"down": {"uv": [0, 0, 0.4, 0.3], "rotation": 270, "texture": "#3"}
			}
		},
		{
			"from": [10.27915, 14.69108, 8.1],
			"to": [11.27915, 14.79108, 9.1],
			"rotation": {"angle": -45, "axis": "z", "origin": [10.4746, 14.19108, 8.6]},
			"faces": {
				"north": {"uv": [0, 0, 0.1, 1], "rotation": 90, "texture": "#4"},
				"east": {"uv": [0, 0, 0.1, 1], "rotation": 270, "texture": "#4"},
				"south": {"uv": [0, 0, 0.1, 1], "rotation": 270, "texture": "#4"},
				"west": {"uv": [0, 0, 0.1, 1], "rotation": 270, "texture": "#4"},
				"up": {"uv": [0, 0, 1, 1], "rotation": 270, "texture": "#4"},
				"down": {"uv": [0, 0, 1, 1], "rotation": 270, "texture": "#4"}
			}
		},
		{
			"from": [10.27915, 13.59108, 8.1],
			"to": [11.27915, 13.69108, 9.1],
			"rotation": {"angle": -45, "axis": "z", "origin": [10.4746, 14.19108, 8.6]},
			"faces": {
				"north": {"uv": [0, 0, 0.1, 1], "rotation": 90, "texture": "#4"},
				"east": {"uv": [0, 0, 0.1, 1], "rotation": 270, "texture": "#4"},
				"south": {"uv": [0, 0, 0.1, 1], "rotation": 270, "texture": "#4"},
				"west": {"uv": [0, 0, 0.1, 1], "rotation": 270, "texture": "#4"},
				"up": {"uv": [0, 0, 1, 1], "rotation": 270, "texture": "#4"},
				"down": {"uv": [0, 0, 1, 1], "rotation": 270, "texture": "#4"}
			}
		},
		{
			"from": [10.18284, 13.47573, 8.1],
			"to": [11.18284, 14.47573, 9.1],
			"rotation": {"angle": 45, "axis": "z", "origin": [10.68284, 13.97573, 8.6]},
			"faces": {
				"north": {"uv": [0, 0, 1, 1], "texture": "#10"},
				"east": {"uv": [0, 0, 1, 1], "texture": "#10"},
				"south": {"uv": [0, 0, 1, 1], "texture": "#10"},
				"west": {"uv": [0, 0, 1, 1], "texture": "#10"},
				"up": {"uv": [0, 0, 1, 1], "texture": "#10"},
				"down": {"uv": [0, 0, 1, 1], "texture": "#10"}
			}
		},
		{
			"from": [7.8, 15, 8.2],
			"to": [9.6, 17, 9],
			"rotation": {"angle": 0, "axis": "y", "origin": [15.7, 24, 16.1]},
			"faces": {
				"north": {"uv": [0, 0, 16, 16], "texture": "#8"},
				"east": {"uv": [0, 0, 0.8, 2], "texture": "#7"},
				"south": {"uv": [0, 0, 16, 16], "texture": "#9"},
				"west": {"uv": [0, 0, 0.8, 2], "texture": "#7"},
				"up": {"uv": [0, 0, 1.8, 0.8], "texture": "#7"},
				"down": {"uv": [0, 0, 1.8, 0.8], "texture": "#7"}
			}
		},
		{
			"from": [7.8, 17, 8.2],
			"to": [8.5, 17.8, 9],
			"rotation": {"angle": 0, "axis": "y", "origin": [15.7, 25, 16.1]},
			"faces": {
				"north": {"uv": [0, 0, 16, 16], "texture": "#7"},
				"east": {"uv": [0, 0, 16, 16], "texture": "#7"},
				"south": {"uv": [0, 0, 16, 16], "texture": "#7"},
				"west": {"uv": [0, 0, 16, 16], "texture": "#7"},
				"up": {"uv": [0, 0, 16, 16], "texture": "#7"},
				"down": {"uv": [0, 0, 16, 16], "texture": "#7"}
			}
		},
		{
			"from": [6.9, 17, 8.1],
			"to": [7.8, 17.9, 9.1],
			"rotation": {"angle": 0, "axis": "y", "origin": [15, 25, 16.1]},
			"faces": {
				"north": {"uv": [0, 0, 16, 16], "texture": "#7"},
				"east": {"uv": [0, 0, 16, 16], "texture": "#7"},
				"south": {"uv": [0, 0, 16, 16], "texture": "#7"},
				"west": {"uv": [0, 0, 16, 16], "texture": "#7"},
				"up": {"uv": [0, 0, 16, 16], "texture": "#7"},
				"down": {"uv": [0, 0, 16, 16], "texture": "#7"}
			}
		}
	],
	"gui_light": "front",
	"display": {
		"thirdperson_righthand": {
			"rotation": [0, 90, 0],
			"translation": [-1.75, -4.5, 0],
			"scale": [2, 2, 2]
		},
		"thirdperson_lefthand": {
			"rotation": [0, -90, 0],
			"translation": [0.75, -4.5, 0.25],
			"scale": [2, 2, 2]
		},
		"firstperson_righthand": {
			"rotation": [-23, 90, 0],
			"translation": [3.25, -7, 4],
			"scale": [2, 2, 2]
		},
		"firstperson_lefthand": {
			"rotation": [-23, -90, 0],
			"translation": [3.25, -7, 4],
			"scale": [2, 2, 2]
		},
		"ground": {
			"translation": [0, 3.75, 0]
		},
		"gui": {
			"rotation": [-180, 0, 138],
			"translation": [1, -1.25, -3]
		},
		"fixed": {
			"rotation": [0, 0, -42],
			"translation": [-1, -1, -3]
		}
	},
	"groups": [
		{
			"name": "handle",
			"origin": [8, 8, 8],
			"children": [0, 1, 2, 3, 4, 5, 6, 7, 8, 9, 10, 11, 12, 13, 14]
		},
		{
			"name": "string",
			"origin": [8, 8, 8],
			"children": [15, 16, 17, 18, 19, 20, 21, 22]
		},
		{
			"name": "bottle",
			"origin": [8, 8, 8],
			"children": [23, 24, 25, 26, 27, 28, 29, 30, 31, 32, 33]
		},
		{
			"name": "details",
			"origin": [8, 8, 8],
			"children": [34, 35, 36]
		}
	]
}