{
 "parent": "item/handheld",
 "textures": {
  "layer0": "item/jigsaw"
 },

 "overrides": [
  { "predicate": {"custom_model_data": 800006}, "model": "item/spiritstring"},
  { "predicate": {"custom_model_data": 800007}, "model": "item/animalspiritfragment"},
  { "predicate": {"custom_model_data": 800008}, "model": "item/humanspiritfragment"},
  { "predicate": {"custom_model_data": 800009}, "model": "item/monsterspiritfragment"},
  { "predicate": {"custom_model_data": 800010}, "model": "item/netherspiritfragment"},
  { "predicate": {"custom_model_data": 800011}, "model": "item/endspiritfragment"},
  { "predicate": {"custom_model_data": 800012}, "model": "item/guardianspiritfragment"},
  { "predicate": {"custom_model_data": 800013}, "model": "item/witherspiritfragment"},
  { "predicate": {"custom_model_data": 800014}, "model": "item/dragonspiritfragment"},
  { "predicate": {"custom_model_data": 800015}, "model": "item/animalspiritbottle"},
  { "predicate": {"custom_model_data": 800016}, "model": "item/humanspiritbottle"},
  { "predicate": {"custom_model_data": 800017}, "model": "item/monsterspiritbottle"},
  { "predicate": {"custom_model_data": 800018}, "model": "item/netherspiritbottle"},
  { "predicate": {"custom_model_data": 800019}, "model": "item/endspiritbottle"}

 ]

 
}