{
 "parent": "item/handheld",
 "textures": {
  "layer0": "item/stick"
 },

 "overrides": [
  { "predicate": {"custom_model_data": 800020}, "model": "item/empty_spirit_totem"},
  { "predicate": {"custom_model_data": 800021}, "model": "item/animal_spirit_totem"},
  { "predicate": {"custom_model_data": 800022}, "model": "item/human_spirit_totem"},
  { "predicate": {"custom_model_data": 800023}, "model": "item/monster_spirit_totem"},
  { "predicate": {"custom_model_data": 800024}, "model": "item/nether_spirit_totem"},
  { "predicate": {"custom_model_data": 800025}, "model": "item/end_spirit_totem"}

 ]

 
}