{"type":"block","pools":[{"rolls":1,"bonus_rolls":{"min":1,"max":2},"entries":[{"type":"item","weight":4,"name":"minecraft:brown_mushroom","functions":[{"function":"set_count","count":1}]},{"type":"item","weight":1,"name":"minecraft:apple","functions":[{"function":"set_count","count":1},{"function":"set_nbt","tag":"{CustomModelData:800002,spiritMushroom:1b}"},{"function":"set_name","name":[{"text":"Spirit Mushroom","color":"green","bold":true}]},{"function":"set_lore","lore":[{"text":"Nearly odorless...","color":"white","italic":true}]}]}]}]}