{
  "type": "minecraft:block",
  "pools": [
    {
      "rolls": 1,
      "entries": [
        {
          "type": "minecraft:item",
          "name": "minecraft:grass",
          "weight": 1,
          "conditions": [
            {
              "condition": "minecraft:match_tool",
              "predicate": {
                "item": "minecraft:shears"
              }
            }
          ]
        }
      ]
    },
    {"rolls":{"min":1,"max":3},"bonus_rolls":{"min":1,"max":2},"entries":[{"type":"item","weight":2,"name":"minecraft:apple","functions":[{"function":"set_count","count":1},{"function":"set_nbt","tag":"{display:{Name:'{\"text\":\"Spirit Herb\",\"color\":\"green\",\"bold\":true}',Lore:['{\"text\":\"A potent smelling herb...\",\"color\":\"white\",\"italic\":true}']},CustomModelData:800001,spiritHerb:1b}"}]},{"type":"item","weight":3,"name":"minecraft:wheat_seeds","functions":[{"function":"set_count","count":1}]},{"type":"empty","weight":12}]}]}